ID,Type,Product_Type,Balance,Rate,Maturity_Years,Rate_Type
Mortgage_1,Loan,Mortgage,670924,0.0492,23.0,Fixed
Mortgage_2,Loan,Mortgage,571403,0.045,20.0,Fixed
Mortgage_3,Loan,Mortgage,429520,0.0465,16.0,Fixed
Mortgage_4,Loan,Mortgage,636973,0.0469,27.0,Fixed
Mortgage_5,Loan,Mortgage,713300,0.049,29.0,Fixed
Mortgage_6,Loan,Mortgage,775956,0.0481,26.0,Fixed
Mortgage_7,Loan,Mortgage,565212,0.0494,28.0,Fixed
Mortgage_8,Loan,Mortgage,817028,0.0503,22.0,Fixed
Mortgage_9,Loan,Mortgage,348209,0.0496,22.0,Fixed
Mortgage_10,Loan,Mortgage,496022,0.0544,28.0,Fixed
Mortgage_11,Loan,Mortgage,299335,0.0522,28.0,Fixed
Mortgage_12,Loan,Mortgage,328896,0.0519,27.0,Fixed
Mortgage_13,Loan,Mortgage,258072,0.0533,28.0,Fixed
Mortgage_14,Loan,Mortgage,892202,0.0477,24.0,Fixed
Mortgage_15,Loan,Mortgage,405895,0.0517,18.0,Fixed
Mortgage_16,Loan,Mortgage,376643,0.0517,19.0,Fixed
Mortgage_17,Loan,Mortgage,330091,0.0479,27.0,Fixed
Mortgage_18,Loan,Mortgage,819817,0.0528,17.0,Fixed
Mortgage_19,Loan,Mortgage,710148,0.0549,24.0,Fixed
Mortgage_20,Loan,Mortgage,723929,0.0478,23.0,Fixed
Mortgage_21,Loan,Mortgage,874791,0.0497,29.0,Fixed
Mortgage_22,Loan,Mortgage,826020,0.0479,26.0,Fixed
Mortgage_23,Loan,Mortgage,735123,0.0452,21.0,Fixed
Mortgage_24,Loan,Mortgage,638026,0.0471,22.0,Fixed
Mortgage_25,Loan,Mortgage,814169,0.0508,22.0,Fixed
Mortgage_26,Loan,Mortgage,420462,0.0465,15.0,Fixed
Mortgage_27,Loan,Mortgage,475825,0.046,28.0,Fixed
Mortgage_28,Loan,Mortgage,838968,0.0491,28.0,Fixed
Mortgage_29,Loan,Mortgage,515861,0.0504,21.0,Fixed
Mortgage_30,Loan,Mortgage,269595,0.0529,20.0,Fixed
Mortgage_31,Loan,Mortgage,271757,0.0538,23.0,Fixed
Mortgage_32,Loan,Mortgage,397675,0.0495,19.0,Fixed
Mortgage_33,Loan,Mortgage,606375,0.0488,22.0,Fixed
Mortgage_34,Loan,Mortgage,670768,0.0515,27.0,Fixed
Mortgage_35,Loan,Mortgage,604490,0.0525,22.0,Fixed
Mortgage_36,Loan,Mortgage,390343,0.0519,24.0,Fixed
Mortgage_37,Loan,Mortgage,412444,0.0485,19.0,Fixed
Mortgage_38,Loan,Mortgage,641537,0.0486,29.0,Fixed
Mortgage_39,Loan,Mortgage,678546,0.0538,18.0,Fixed
Mortgage_40,Loan,Mortgage,570396,0.0512,22.0,Fixed
Mortgage_41,Loan,Mortgage,568310,0.0456,15.0,Fixed
Mortgage_42,Loan,Mortgage,454279,0.0544,22.0,Fixed
Mortgage_43,Loan,Mortgage,346309,0.0507,16.0,Fixed
Mortgage_44,Loan,Mortgage,288694,0.0465,15.0,Fixed
Mortgage_45,Loan,Mortgage,449741,0.0451,16.0,Fixed
Mortgage_46,Loan,Mortgage,496788,0.0497,25.0,Fixed
Mortgage_47,Loan,Mortgage,842616,0.0452,24.0,Fixed
Mortgage_48,Loan,Mortgage,256416,0.0505,24.0,Fixed
Mortgage_49,Loan,Mortgage,582449,0.0497,29.0,Fixed
Mortgage_50,Loan,Mortgage,553067,0.0469,21.0,Fixed
Loan_51,Loan,Loan,610159,0.0726,11.0,Fixed
Loan_52,Loan,Loan,570786,0.0655,10.0,Fixed
Loan_53,Loan,Loan,613764,0.0667,8.0,Fixed
Loan_54,Loan,Loan,491784,0.0661,14.0,Fixed
Loan_55,Loan,Loan,354575,0.0736,11.0,Fixed
Loan_56,Loan,Loan,943728,0.0747,13.0,Fixed
Loan_57,Loan,Loan,786722,0.0659,3.0,Fixed
Loan_58,Loan,Loan,710443,0.0652,6.0,Fixed
Loan_59,Loan,Loan,966242,0.0673,7.0,Fixed
Loan_60,Loan,Loan,520448,0.0693,10.0,Fixed
Loan_61,Loan,Loan,743420,0.0664,13.0,Fixed
Loan_62,Loan,Loan,944707,0.0744,3.0,Fixed
Loan_63,Loan,Loan,806829,0.0728,5.0,Fixed
Loan_64,Loan,Loan,415520,0.0654,6.0,Fixed
Loan_65,Loan,Loan,851822,0.0657,6.0,Fixed
Loan_66,Loan,Loan,802426,0.0724,14.0,Fixed
Loan_67,Loan,Loan,511683,0.0708,8.0,Fixed
Loan_68,Loan,Loan,736668,0.0735,6.0,Fixed
Loan_69,Loan,Loan,655044,0.0699,3.0,Fixed
Loan_70,Loan,Loan,528120,0.0733,6.0,Fixed
Loan_71,Loan,Loan,870031,0.0652,10.0,Fixed
Loan_72,Loan,Loan,823839,0.0731,4.0,Fixed
Loan_73,Loan,Loan,678666,0.0696,13.0,Fixed
Loan_74,Loan,Loan,457410,0.0661,4.0,Fixed
Loan_75,Loan,Loan,486574,0.0705,4.0,Fixed
HELOC_76,Loan,HELOC,267553,0.0576,7.0,Floating
HELOC_77,Loan,HELOC,126457,0.0587,5.0,Floating
HELOC_78,Loan,HELOC,88553,0.0571,9.0,Floating
HELOC_79,Loan,HELOC,50690,0.0557,9.0,Floating
HELOC_80,Loan,HELOC,109574,0.063,3.0,Floating
HELOC_81,Loan,HELOC,101984,0.0614,6.0,Floating
HELOC_82,Loan,HELOC,273964,0.0642,6.0,Floating
HELOC_83,Loan,HELOC,134091,0.0557,7.0,Floating
HELOC_84,Loan,HELOC,221711,0.0627,8.0,Floating
HELOC_85,Loan,HELOC,202707,0.0643,3.0,Floating
HELOC_86,Loan,HELOC,127742,0.0573,9.0,Floating
HELOC_87,Loan,HELOC,229708,0.0645,9.0,Floating
HELOC_88,Loan,HELOC,127209,0.0606,8.0,Floating
HELOC_89,Loan,HELOC,282378,0.0614,8.0,Floating
HELOC_90,Loan,HELOC,56045,0.0599,7.0,Floating
Auto_Loan_91,Loan,Auto_Loan,34811,0.0705,3.0,Fixed
Auto_Loan_92,Loan,Auto_Loan,57240,0.0742,4.0,Fixed
Auto_Loan_93,Loan,Auto_Loan,43495,0.0746,4.0,Fixed
Auto_Loan_94,Loan,Auto_Loan,55883,0.0663,3.0,Fixed
Auto_Loan_95,Loan,Auto_Loan,62587,0.0701,3.0,Fixed
Auto_Loan_96,Loan,Auto_Loan,75010,0.0745,4.0,Fixed
Auto_Loan_97,Loan,Auto_Loan,32984,0.0652,4.0,Fixed
Auto_Loan_98,Loan,Auto_Loan,20601,0.0683,4.0,Fixed
Auto_Loan_99,Loan,Auto_Loan,63346,0.0731,4.0,Fixed
Auto_Loan_100,Loan,Auto_Loan,77754,0.0744,3.0,Fixed
Savings_Account_101,Deposit,Savings_Account,36856,0.0288,,Floating
Savings_Account_102,Deposit,Savings_Account,49723,0.0202,,Floating
Savings_Account_103,Deposit,Savings_Account,26847,0.0243,,Floating
Savings_Account_104,Deposit,Savings_Account,4200,0.028,,Floating
Savings_Account_105,Deposit,Savings_Account,22213,0.0249,,Floating
Savings_Account_106,Deposit,Savings_Account,29050,0.0231,,Floating
Savings_Account_107,Deposit,Savings_Account,14754,0.0222,,Floating
Savings_Account_108,Deposit,Savings_Account,38721,0.0286,,Floating
Savings_Account_109,Deposit,Savings_Account,32528,0.0289,,Floating
Savings_Account_110,Deposit,Savings_Account,31381,0.0254,,Floating
Savings_Account_111,Deposit,Savings_Account,7946,0.0279,,Floating
Savings_Account_112,Deposit,Savings_Account,19489,0.0205,,Floating
Savings_Account_113,Deposit,Savings_Account,32840,0.0242,,Floating
Savings_Account_114,Deposit,Savings_Account,25740,0.024,,Floating
Savings_Account_115,Deposit,Savings_Account,40201,0.0287,,Floating
Savings_Account_116,Deposit,Savings_Account,46101,0.0225,,Floating
Savings_Account_117,Deposit,Savings_Account,18662,0.026,,Floating
Savings_Account_118,Deposit,Savings_Account,42240,0.0221,,Floating
Savings_Account_119,Deposit,Savings_Account,37531,0.0263,,Floating
Savings_Account_120,Deposit,Savings_Account,30940,0.027,,Floating
Savings_Account_121,Deposit,Savings_Account,8138,0.0207,,Floating
Savings_Account_122,Deposit,Savings_Account,5547,0.0276,,Floating
Savings_Account_123,Deposit,Savings_Account,17553,0.0286,,Floating
Savings_Account_124,Deposit,Savings_Account,5559,0.0226,,Floating
Savings_Account_125,Deposit,Savings_Account,34842,0.0245,,Floating
Savings_Account_126,Deposit,Savings_Account,28291,0.0224,,Floating
Savings_Account_127,Deposit,Savings_Account,7890,0.024,,Floating
Savings_Account_128,Deposit,Savings_Account,47927,0.0213,,Floating
Savings_Account_129,Deposit,Savings_Account,39389,0.0217,,Floating
Savings_Account_130,Deposit,Savings_Account,34208,0.0268,,Floating
Savings_Account_131,Deposit,Savings_Account,25422,0.0227,,Floating
Savings_Account_132,Deposit,Savings_Account,6726,0.0234,,Floating
Savings_Account_133,Deposit,Savings_Account,15195,0.0203,,Floating
Savings_Account_134,Deposit,Savings_Account,5592,0.0278,,Floating
Savings_Account_135,Deposit,Savings_Account,9833,0.0227,,Floating
Savings_Account_136,Deposit,Savings_Account,42040,0.023,,Floating
Savings_Account_137,Deposit,Savings_Account,31102,0.0253,,Floating
Savings_Account_138,Deposit,Savings_Account,22227,0.0219,,Floating
Savings_Account_139,Deposit,Savings_Account,29214,0.0273,,Floating
Savings_Account_140,Deposit,Savings_Account,47409,0.0277,,Floating
Savings_Account_141,Deposit,Savings_Account,19903,0.0207,,Floating
Savings_Account_142,Deposit,Savings_Account,13983,0.0234,,Floating
Savings_Account_143,Deposit,Savings_Account,41333,0.0277,,Floating
Savings_Account_144,Deposit,Savings_Account,14806,0.0208,,Floating
Savings_Account_145,Deposit,Savings_Account,36712,0.0228,,Floating
Savings_Account_146,Deposit,Savings_Account,36500,0.0287,,Floating
Savings_Account_147,Deposit,Savings_Account,30788,0.0257,,Floating
Savings_Account_148,Deposit,Savings_Account,44377,0.0252,,Floating
Savings_Account_149,Deposit,Savings_Account,17313,0.0235,,Floating
Savings_Account_150,Deposit,Savings_Account,19209,0.0285,,Floating
Savings_Account_151,Deposit,Savings_Account,3042,0.0231,,Floating
Savings_Account_152,Deposit,Savings_Account,36080,0.0254,,Floating
Savings_Account_153,Deposit,Savings_Account,11186,0.0222,,Floating
Savings_Account_154,Deposit,Savings_Account,10880,0.0219,,Floating
Savings_Account_155,Deposit,Savings_Account,18123,0.0273,,Floating
Savings_Account_156,Deposit,Savings_Account,27909,0.0251,,Floating
Savings_Account_157,Deposit,Savings_Account,7056,0.0285,,Floating
Savings_Account_158,Deposit,Savings_Account,5994,0.0216,,Floating
Savings_Account_159,Deposit,Savings_Account,37490,0.0223,,Floating
Savings_Account_160,Deposit,Savings_Account,4888,0.0289,,Floating
Savings_Account_161,Deposit,Savings_Account,48412,0.0215,,Floating
Savings_Account_162,Deposit,Savings_Account,38730,0.0268,,Floating
Savings_Account_163,Deposit,Savings_Account,11336,0.0251,,Floating
Savings_Account_164,Deposit,Savings_Account,28532,0.0214,,Floating
Savings_Account_165,Deposit,Savings_Account,13527,0.0252,,Floating
Savings_Account_166,Deposit,Savings_Account,45284,0.0272,,Floating
Savings_Account_167,Deposit,Savings_Account,18893,0.0232,,Floating
Savings_Account_168,Deposit,Savings_Account,18905,0.0284,,Floating
Savings_Account_169,Deposit,Savings_Account,34811,0.02,,Floating
Savings_Account_170,Deposit,Savings_Account,23522,0.022,,Floating
Savings_Account_171,Deposit,Savings_Account,19230,0.0285,,Floating
Savings_Account_172,Deposit,Savings_Account,31336,0.0205,,Floating
Savings_Account_173,Deposit,Savings_Account,39613,0.027,,Floating
Savings_Account_174,Deposit,Savings_Account,46227,0.028,,Floating
Savings_Account_175,Deposit,Savings_Account,27872,0.0259,,Floating
Savings_Account_176,Deposit,Savings_Account,41919,0.0273,,Floating
Savings_Account_177,Deposit,Savings_Account,28449,0.0231,,Floating
Savings_Account_178,Deposit,Savings_Account,30163,0.0263,,Floating
Savings_Account_179,Deposit,Savings_Account,44899,0.0278,,Floating
Savings_Account_180,Deposit,Savings_Account,32507,0.0262,,Floating
Savings_Account_181,Deposit,Savings_Account,7918,0.0299,,Floating
Savings_Account_182,Deposit,Savings_Account,12443,0.0297,,Floating
Savings_Account_183,Deposit,Savings_Account,44637,0.029,,Floating
Savings_Account_184,Deposit,Savings_Account,36170,0.0241,,Floating
Savings_Account_185,Deposit,Savings_Account,22420,0.022,,Floating
Savings_Account_186,Deposit,Savings_Account,47960,0.0266,,Floating
Savings_Account_187,Deposit,Savings_Account,35379,0.0214,,Floating
Savings_Account_188,Deposit,Savings_Account,46165,0.0289,,Floating
Savings_Account_189,Deposit,Savings_Account,14036,0.0258,,Floating
Savings_Account_190,Deposit,Savings_Account,16671,0.0203,,Floating
Savings_Account_191,Deposit,Savings_Account,24436,0.0286,,Floating
Savings_Account_192,Deposit,Savings_Account,47177,0.0248,,Floating
Savings_Account_193,Deposit,Savings_Account,44863,0.0219,,Floating
Savings_Account_194,Deposit,Savings_Account,27115,0.0256,,Floating
Savings_Account_195,Deposit,Savings_Account,30750,0.0249,,Floating
Savings_Account_196,Deposit,Savings_Account,46550,0.0223,,Floating
Savings_Account_197,Deposit,Savings_Account,24979,0.0275,,Floating
Savings_Account_198,Deposit,Savings_Account,6478,0.022,,Floating
Savings_Account_199,Deposit,Savings_Account,4389,0.0251,,Floating
Savings_Account_200,Deposit,Savings_Account,41173,0.0272,,Floating
Savings_Account_201,Deposit,Savings_Account,15410,0.0203,,Floating
Savings_Account_202,Deposit,Savings_Account,44698,0.0209,,Floating
Savings_Account_203,Deposit,Savings_Account,49813,0.0238,,Floating
Savings_Account_204,Deposit,Savings_Account,32619,0.0279,,Floating
Savings_Account_205,Deposit,Savings_Account,34943,0.0254,,Floating
Savings_Account_206,Deposit,Savings_Account,27275,0.0274,,Floating
Savings_Account_207,Deposit,Savings_Account,29411,0.0203,,Floating
Savings_Account_208,Deposit,Savings_Account,12030,0.0213,,Floating
Savings_Account_209,Deposit,Savings_Account,20931,0.0295,,Floating
Savings_Account_210,Deposit,Savings_Account,34325,0.0227,,Floating
Savings_Account_211,Deposit,Savings_Account,35738,0.0246,,Floating
Savings_Account_212,Deposit,Savings_Account,22903,0.0211,,Floating
Savings_Account_213,Deposit,Savings_Account,36901,0.028,,Floating
Savings_Account_214,Deposit,Savings_Account,7780,0.0246,,Floating
Savings_Account_215,Deposit,Savings_Account,5923,0.0291,,Floating
Savings_Account_216,Deposit,Savings_Account,23352,0.0243,,Floating
Savings_Account_217,Deposit,Savings_Account,20490,0.0266,,Floating
Savings_Account_218,Deposit,Savings_Account,13740,0.0214,,Floating
Savings_Account_219,Deposit,Savings_Account,28473,0.026,,Floating
Savings_Account_220,Deposit,Savings_Account,45006,0.0246,,Floating
Savings_Account_221,Deposit,Savings_Account,42445,0.0203,,Floating
Savings_Account_222,Deposit,Savings_Account,23144,0.0299,,Floating
Savings_Account_223,Deposit,Savings_Account,47683,0.0275,,Floating
Savings_Account_224,Deposit,Savings_Account,16132,0.0245,,Floating
Savings_Account_225,Deposit,Savings_Account,10360,0.0247,,Floating
Savings_Account_226,Deposit,Savings_Account,24255,0.0299,,Floating
Savings_Account_227,Deposit,Savings_Account,16882,0.029,,Floating
Savings_Account_228,Deposit,Savings_Account,5180,0.0277,,Floating
Savings_Account_229,Deposit,Savings_Account,27694,0.0272,,Floating
Savings_Account_230,Deposit,Savings_Account,34308,0.0201,,Floating
Savings_Account_231,Deposit,Savings_Account,31565,0.0211,,Floating
Savings_Account_232,Deposit,Savings_Account,35071,0.0278,,Floating
Savings_Account_233,Deposit,Savings_Account,44625,0.0251,,Floating
Savings_Account_234,Deposit,Savings_Account,40889,0.0215,,Floating
Savings_Account_235,Deposit,Savings_Account,29837,0.0219,,Floating
Savings_Account_236,Deposit,Savings_Account,49036,0.0291,,Floating
Savings_Account_237,Deposit,Savings_Account,28598,0.0286,,Floating
Savings_Account_238,Deposit,Savings_Account,31785,0.0273,,Floating
Savings_Account_239,Deposit,Savings_Account,9172,0.03,,Floating
Savings_Account_240,Deposit,Savings_Account,7162,0.0225,,Floating
Savings_Account_241,Deposit,Savings_Account,15106,0.0281,,Floating
Savings_Account_242,Deposit,Savings_Account,18109,0.0285,,Floating
Savings_Account_243,Deposit,Savings_Account,45350,0.0282,,Floating
Savings_Account_244,Deposit,Savings_Account,5412,0.0228,,Floating
Savings_Account_245,Deposit,Savings_Account,36149,0.0227,,Floating
Savings_Account_246,Deposit,Savings_Account,32993,0.025,,Floating
Savings_Account_247,Deposit,Savings_Account,46001,0.0291,,Floating
Savings_Account_248,Deposit,Savings_Account,29915,0.0292,,Floating
Savings_Account_249,Deposit,Savings_Account,15157,0.0251,,Floating
Savings_Account_250,Deposit,Savings_Account,26597,0.0203,,Floating
Savings_Account_251,Deposit,Savings_Account,22370,0.0248,,Floating
Savings_Account_252,Deposit,Savings_Account,7456,0.0214,,Floating
Savings_Account_253,Deposit,Savings_Account,7742,0.0289,,Floating
Savings_Account_254,Deposit,Savings_Account,16563,0.0256,,Floating
Savings_Account_255,Deposit,Savings_Account,21063,0.0288,,Floating
Savings_Account_256,Deposit,Savings_Account,21159,0.0201,,Floating
Savings_Account_257,Deposit,Savings_Account,43032,0.022,,Floating
Savings_Account_258,Deposit,Savings_Account,40608,0.0252,,Floating
Savings_Account_259,Deposit,Savings_Account,25713,0.0252,,Floating
Savings_Account_260,Deposit,Savings_Account,6580,0.0295,,Floating
Savings_Account_261,Deposit,Savings_Account,42721,0.0293,,Floating
Savings_Account_262,Deposit,Savings_Account,10208,0.0257,,Floating
Savings_Account_263,Deposit,Savings_Account,47142,0.0292,,Floating
Savings_Account_264,Deposit,Savings_Account,47534,0.0213,,Floating
Savings_Account_265,Deposit,Savings_Account,13624,0.0223,,Floating
Savings_Account_266,Deposit,Savings_Account,37299,0.0217,,Floating
Savings_Account_267,Deposit,Savings_Account,30041,0.021,,Floating
Savings_Account_268,Deposit,Savings_Account,14819,0.0217,,Floating
Savings_Account_269,Deposit,Savings_Account,4449,0.0216,,Floating
Savings_Account_270,Deposit,Savings_Account,17359,0.0248,,Floating
Savings_Account_271,Deposit,Savings_Account,26591,0.0228,,Floating
Savings_Account_272,Deposit,Savings_Account,18191,0.0266,,Floating
Savings_Account_273,Deposit,Savings_Account,17914,0.0218,,Floating
Savings_Account_274,Deposit,Savings_Account,18232,0.0257,,Floating
Savings_Account_275,Deposit,Savings_Account,35643,0.0211,,Floating
Savings_Account_276,Deposit,Savings_Account,30500,0.0259,,Floating
Savings_Account_277,Deposit,Savings_Account,44081,0.023,,Floating
Savings_Account_278,Deposit,Savings_Account,9006,0.026,,Floating
Savings_Account_279,Deposit,Savings_Account,44418,0.0271,,Floating
Savings_Account_280,Deposit,Savings_Account,11865,0.0207,,Floating
Savings_Account_281,Deposit,Savings_Account,38367,0.0238,,Floating
Savings_Account_282,Deposit,Savings_Account,45849,0.026,,Floating
Savings_Account_283,Deposit,Savings_Account,18294,0.0297,,Floating
Savings_Account_284,Deposit,Savings_Account,10229,0.022,,Floating
Savings_Account_285,Deposit,Savings_Account,20164,0.0262,,Floating
Savings_Account_286,Deposit,Savings_Account,20690,0.0248,,Floating
Savings_Account_287,Deposit,Savings_Account,30386,0.0235,,Floating
Savings_Account_288,Deposit,Savings_Account,6596,0.0221,,Floating
Savings_Account_289,Deposit,Savings_Account,35025,0.0247,,Floating
Savings_Account_290,Deposit,Savings_Account,45476,0.0261,,Floating
Savings_Account_291,Deposit,Savings_Account,37359,0.0201,,Floating
Savings_Account_292,Deposit,Savings_Account,49735,0.0231,,Floating
Savings_Account_293,Deposit,Savings_Account,20724,0.0298,,Floating
Savings_Account_294,Deposit,Savings_Account,19562,0.0246,,Floating
Savings_Account_295,Deposit,Savings_Account,40140,0.0252,,Floating
Savings_Account_296,Deposit,Savings_Account,19833,0.0225,,Floating
Savings_Account_297,Deposit,Savings_Account,8940,0.0212,,Floating
Savings_Account_298,Deposit,Savings_Account,9110,0.0202,,Floating
Savings_Account_299,Deposit,Savings_Account,38882,0.0267,,Floating
Savings_Account_300,Deposit,Savings_Account,44057,0.0236,,Floating
Savings_Account_301,Deposit,Savings_Account,40926,0.0202,,Floating
Savings_Account_302,Deposit,Savings_Account,3018,0.0293,,Floating
Savings_Account_303,Deposit,Savings_Account,3472,0.0297,,Floating
Savings_Account_304,Deposit,Savings_Account,4319,0.0269,,Floating
Savings_Account_305,Deposit,Savings_Account,26845,0.0291,,Floating
Savings_Account_306,Deposit,Savings_Account,35932,0.0201,,Floating
Savings_Account_307,Deposit,Savings_Account,15275,0.0234,,Floating
Savings_Account_308,Deposit,Savings_Account,9814,0.0283,,Floating
Savings_Account_309,Deposit,Savings_Account,38952,0.0267,,Floating
Savings_Account_310,Deposit,Savings_Account,27570,0.0225,,Floating
Savings_Account_311,Deposit,Savings_Account,34657,0.0256,,Floating
Savings_Account_312,Deposit,Savings_Account,40238,0.0255,,Floating
Savings_Account_313,Deposit,Savings_Account,14858,0.0201,,Floating
Savings_Account_314,Deposit,Savings_Account,29578,0.0275,,Floating
Savings_Account_315,Deposit,Savings_Account,7861,0.0262,,Floating
Savings_Account_316,Deposit,Savings_Account,24166,0.0243,,Floating
Savings_Account_317,Deposit,Savings_Account,14401,0.0238,,Floating
Savings_Account_318,Deposit,Savings_Account,13391,0.0221,,Floating
Savings_Account_319,Deposit,Savings_Account,17973,0.0298,,Floating
Savings_Account_320,Deposit,Savings_Account,6487,0.0222,,Floating
Savings_Account_321,Deposit,Savings_Account,41862,0.0254,,Floating
Savings_Account_322,Deposit,Savings_Account,34798,0.0214,,Floating
Savings_Account_323,Deposit,Savings_Account,11603,0.0273,,Floating
Savings_Account_324,Deposit,Savings_Account,17940,0.0211,,Floating
Savings_Account_325,Deposit,Savings_Account,41220,0.0266,,Floating
Savings_Account_326,Deposit,Savings_Account,38851,0.0217,,Floating
Savings_Account_327,Deposit,Savings_Account,27394,0.0221,,Floating
Savings_Account_328,Deposit,Savings_Account,42129,0.0265,,Floating
Savings_Account_329,Deposit,Savings_Account,28455,0.0255,,Floating
Savings_Account_330,Deposit,Savings_Account,16845,0.0283,,Floating
Savings_Account_331,Deposit,Savings_Account,46917,0.0262,,Floating
Savings_Account_332,Deposit,Savings_Account,23013,0.0248,,Floating
Savings_Account_333,Deposit,Savings_Account,34284,0.0238,,Floating
Savings_Account_334,Deposit,Savings_Account,15217,0.0216,,Floating
Savings_Account_335,Deposit,Savings_Account,36096,0.0243,,Floating
Savings_Account_336,Deposit,Savings_Account,46010,0.0233,,Floating
Savings_Account_337,Deposit,Savings_Account,25600,0.0219,,Floating
Savings_Account_338,Deposit,Savings_Account,13096,0.0245,,Floating
Savings_Account_339,Deposit,Savings_Account,12022,0.0221,,Floating
Savings_Account_340,Deposit,Savings_Account,34274,0.0281,,Floating
Savings_Account_341,Deposit,Savings_Account,24945,0.0264,,Floating
Savings_Account_342,Deposit,Savings_Account,28515,0.0293,,Floating
Savings_Account_343,Deposit,Savings_Account,41731,0.0273,,Floating
Savings_Account_344,Deposit,Savings_Account,48898,0.0293,,Floating
Savings_Account_345,Deposit,Savings_Account,26578,0.0206,,Floating
Savings_Account_346,Deposit,Savings_Account,46531,0.0275,,Floating
Savings_Account_347,Deposit,Savings_Account,10297,0.024,,Floating
Savings_Account_348,Deposit,Savings_Account,36489,0.022,,Floating
Savings_Account_349,Deposit,Savings_Account,44286,0.0237,,Floating
Savings_Account_350,Deposit,Savings_Account,23485,0.0249,,Floating
Savings_Account_351,Deposit,Savings_Account,10199,0.022,,Floating
Savings_Account_352,Deposit,Savings_Account,28518,0.0285,,Floating
Savings_Account_353,Deposit,Savings_Account,27876,0.029,,Floating
Savings_Account_354,Deposit,Savings_Account,8295,0.0279,,Floating
Savings_Account_355,Deposit,Savings_Account,30988,0.0278,,Floating
Savings_Account_356,Deposit,Savings_Account,12268,0.0218,,Floating
Savings_Account_357,Deposit,Savings_Account,46353,0.0269,,Floating
Savings_Account_358,Deposit,Savings_Account,4003,0.0279,,Floating
Savings_Account_359,Deposit,Savings_Account,40101,0.0253,,Floating
Savings_Account_360,Deposit,Savings_Account,6217,0.0274,,Floating
Savings_Account_361,Deposit,Savings_Account,47049,0.0245,,Floating
Savings_Account_362,Deposit,Savings_Account,23800,0.0285,,Floating
Savings_Account_363,Deposit,Savings_Account,15148,0.0226,,Floating
Savings_Account_364,Deposit,Savings_Account,23962,0.0286,,Floating
Savings_Account_365,Deposit,Savings_Account,47293,0.027,,Floating
Savings_Account_366,Deposit,Savings_Account,46199,0.0276,,Floating
Savings_Account_367,Deposit,Savings_Account,41114,0.0274,,Floating
Savings_Account_368,Deposit,Savings_Account,26717,0.0242,,Floating
Savings_Account_369,Deposit,Savings_Account,12476,0.0293,,Floating
Savings_Account_370,Deposit,Savings_Account,22997,0.0223,,Floating
Savings_Account_371,Deposit,Savings_Account,8536,0.0252,,Floating
Savings_Account_372,Deposit,Savings_Account,43627,0.0203,,Floating
Savings_Account_373,Deposit,Savings_Account,34869,0.0237,,Floating
Savings_Account_374,Deposit,Savings_Account,29878,0.0275,,Floating
Savings_Account_375,Deposit,Savings_Account,46624,0.026,,Floating
Savings_Account_376,Deposit,Savings_Account,3284,0.027,,Floating
Savings_Account_377,Deposit,Savings_Account,43150,0.027,,Floating
Savings_Account_378,Deposit,Savings_Account,42219,0.029,,Floating
Savings_Account_379,Deposit,Savings_Account,39715,0.0209,,Floating
Savings_Account_380,Deposit,Savings_Account,13249,0.023,,Floating
Savings_Account_381,Deposit,Savings_Account,16964,0.0218,,Floating
Savings_Account_382,Deposit,Savings_Account,12563,0.0212,,Floating
Savings_Account_383,Deposit,Savings_Account,48226,0.0261,,Floating
Savings_Account_384,Deposit,Savings_Account,46172,0.0246,,Floating
Savings_Account_385,Deposit,Savings_Account,13427,0.0207,,Floating
Savings_Account_386,Deposit,Savings_Account,27082,0.0243,,Floating
Savings_Account_387,Deposit,Savings_Account,6139,0.0267,,Floating
Savings_Account_388,Deposit,Savings_Account,15308,0.0231,,Floating
Savings_Account_389,Deposit,Savings_Account,42893,0.0231,,Floating
Savings_Account_390,Deposit,Savings_Account,12154,0.0271,,Floating
Savings_Account_391,Deposit,Savings_Account,16200,0.0245,,Floating
Savings_Account_392,Deposit,Savings_Account,45275,0.0246,,Floating
Savings_Account_393,Deposit,Savings_Account,36514,0.0295,,Floating
Savings_Account_394,Deposit,Savings_Account,46948,0.0243,,Floating
Savings_Account_395,Deposit,Savings_Account,47252,0.0216,,Floating
Savings_Account_396,Deposit,Savings_Account,6870,0.0277,,Floating
Savings_Account_397,Deposit,Savings_Account,8394,0.0294,,Floating
Savings_Account_398,Deposit,Savings_Account,36491,0.0284,,Floating
Savings_Account_399,Deposit,Savings_Account,34213,0.0294,,Floating
Savings_Account_400,Deposit,Savings_Account,19739,0.0209,,Floating
Savings_Account_401,Deposit,Savings_Account,30707,0.0285,,Floating
Savings_Account_402,Deposit,Savings_Account,37114,0.0296,,Floating
Savings_Account_403,Deposit,Savings_Account,27825,0.0254,,Floating
Savings_Account_404,Deposit,Savings_Account,10368,0.0262,,Floating
Savings_Account_405,Deposit,Savings_Account,28565,0.0201,,Floating
Savings_Account_406,Deposit,Savings_Account,42228,0.0256,,Floating
Savings_Account_407,Deposit,Savings_Account,5825,0.0232,,Floating
Savings_Account_408,Deposit,Savings_Account,36599,0.0286,,Floating
Savings_Account_409,Deposit,Savings_Account,26991,0.0282,,Floating
Savings_Account_410,Deposit,Savings_Account,8805,0.0243,,Floating
Savings_Account_411,Deposit,Savings_Account,6962,0.0226,,Floating
Savings_Account_412,Deposit,Savings_Account,41607,0.0261,,Floating
Savings_Account_413,Deposit,Savings_Account,36508,0.0213,,Floating
Savings_Account_414,Deposit,Savings_Account,10418,0.0274,,Floating
Savings_Account_415,Deposit,Savings_Account,24359,0.0249,,Floating
Savings_Account_416,Deposit,Savings_Account,39422,0.0242,,Floating
Savings_Account_417,Deposit,Savings_Account,11377,0.0207,,Floating
Savings_Account_418,Deposit,Savings_Account,33144,0.0251,,Floating
Savings_Account_419,Deposit,Savings_Account,3991,0.0289,,Floating
Savings_Account_420,Deposit,Savings_Account,24343,0.0229,,Floating
Savings_Account_421,Deposit,Savings_Account,39209,0.0256,,Floating
Savings_Account_422,Deposit,Savings_Account,34933,0.0271,,Floating
Savings_Account_423,Deposit,Savings_Account,26648,0.0201,,Floating
Savings_Account_424,Deposit,Savings_Account,42578,0.0279,,Floating
Savings_Account_425,Deposit,Savings_Account,10444,0.0206,,Floating
Savings_Account_426,Deposit,Savings_Account,22393,0.0241,,Floating
Savings_Account_427,Deposit,Savings_Account,40820,0.0265,,Floating
Savings_Account_428,Deposit,Savings_Account,32414,0.0217,,Floating
Savings_Account_429,Deposit,Savings_Account,28969,0.0292,,Floating
Savings_Account_430,Deposit,Savings_Account,14255,0.0241,,Floating
Savings_Account_431,Deposit,Savings_Account,38396,0.021,,Floating
Savings_Account_432,Deposit,Savings_Account,4474,0.0298,,Floating
Savings_Account_433,Deposit,Savings_Account,9820,0.0238,,Floating
Savings_Account_434,Deposit,Savings_Account,36997,0.0226,,Floating
Savings_Account_435,Deposit,Savings_Account,41643,0.0225,,Floating
Savings_Account_436,Deposit,Savings_Account,49496,0.0273,,Floating
Savings_Account_437,Deposit,Savings_Account,4940,0.0236,,Floating
Savings_Account_438,Deposit,Savings_Account,19694,0.0203,,Floating
Savings_Account_439,Deposit,Savings_Account,5431,0.0226,,Floating
Savings_Account_440,Deposit,Savings_Account,38319,0.023,,Floating
Savings_Account_441,Deposit,Savings_Account,6863,0.0286,,Floating
Savings_Account_442,Deposit,Savings_Account,22213,0.0286,,Floating
Savings_Account_443,Deposit,Savings_Account,28994,0.0281,,Floating
Savings_Account_444,Deposit,Savings_Account,26343,0.0225,,Floating
Savings_Account_445,Deposit,Savings_Account,39779,0.0245,,Floating
Savings_Account_446,Deposit,Savings_Account,13381,0.0248,,Floating
Savings_Account_447,Deposit,Savings_Account,21755,0.0261,,Floating
Savings_Account_448,Deposit,Savings_Account,6460,0.0239,,Floating
Savings_Account_449,Deposit,Savings_Account,30621,0.0201,,Floating
Savings_Account_450,Deposit,Savings_Account,41093,0.0243,,Floating
Savings_Account_451,Deposit,Savings_Account,24097,0.0234,,Floating
Savings_Account_452,Deposit,Savings_Account,36616,0.0276,,Floating
Savings_Account_453,Deposit,Savings_Account,26359,0.0234,,Floating
Savings_Account_454,Deposit,Savings_Account,21694,0.0256,,Floating
Savings_Account_455,Deposit,Savings_Account,26602,0.027,,Floating
Savings_Account_456,Deposit,Savings_Account,10785,0.0275,,Floating
Savings_Account_457,Deposit,Savings_Account,14250,0.0269,,Floating
Savings_Account_458,Deposit,Savings_Account,32729,0.0252,,Floating
Savings_Account_459,Deposit,Savings_Account,33088,0.0237,,Floating
Savings_Account_460,Deposit,Savings_Account,39897,0.0264,,Floating
Savings_Account_461,Deposit,Savings_Account,48923,0.0263,,Floating
Savings_Account_462,Deposit,Savings_Account,10165,0.0239,,Floating
Savings_Account_463,Deposit,Savings_Account,18387,0.0265,,Floating
Savings_Account_464,Deposit,Savings_Account,32562,0.0256,,Floating
Savings_Account_465,Deposit,Savings_Account,33558,0.0251,,Floating
Savings_Account_466,Deposit,Savings_Account,43920,0.0218,,Floating
Savings_Account_467,Deposit,Savings_Account,25549,0.0294,,Floating
Savings_Account_468,Deposit,Savings_Account,32331,0.0269,,Floating
Savings_Account_469,Deposit,Savings_Account,41939,0.0234,,Floating
Savings_Account_470,Deposit,Savings_Account,33958,0.0285,,Floating
Savings_Account_471,Deposit,Savings_Account,17686,0.028,,Floating
Savings_Account_472,Deposit,Savings_Account,18354,0.025,,Floating
Savings_Account_473,Deposit,Savings_Account,35797,0.0271,,Floating
Savings_Account_474,Deposit,Savings_Account,8560,0.023,,Floating
Savings_Account_475,Deposit,Savings_Account,26112,0.0286,,Floating
Savings_Account_476,Deposit,Savings_Account,32319,0.0272,,Floating
Savings_Account_477,Deposit,Savings_Account,37109,0.0201,,Floating
Savings_Account_478,Deposit,Savings_Account,24794,0.0295,,Floating
Savings_Account_479,Deposit,Savings_Account,18210,0.02,,Floating
Savings_Account_480,Deposit,Savings_Account,29639,0.0256,,Floating
Savings_Account_481,Deposit,Savings_Account,44081,0.0243,,Floating
Savings_Account_482,Deposit,Savings_Account,16922,0.0231,,Floating
Savings_Account_483,Deposit,Savings_Account,30095,0.0258,,Floating
Savings_Account_484,Deposit,Savings_Account,7596,0.0232,,Floating
Savings_Account_485,Deposit,Savings_Account,6311,0.0299,,Floating
Savings_Account_486,Deposit,Savings_Account,36977,0.0211,,Floating
Savings_Account_487,Deposit,Savings_Account,34512,0.0275,,Floating
Savings_Account_488,Deposit,Savings_Account,10241,0.0205,,Floating
Savings_Account_489,Deposit,Savings_Account,34042,0.0264,,Floating
Savings_Account_490,Deposit,Savings_Account,46105,0.027,,Floating
Savings_Account_491,Deposit,Savings_Account,49426,0.0209,,Floating
Savings_Account_492,Deposit,Savings_Account,18414,0.0296,,Floating
Savings_Account_493,Deposit,Savings_Account,7969,0.028,,Floating
Savings_Account_494,Deposit,Savings_Account,42799,0.0255,,Floating
Savings_Account_495,Deposit,Savings_Account,28567,0.0203,,Floating
Savings_Account_496,Deposit,Savings_Account,32519,0.0201,,Floating
Savings_Account_497,Deposit,Savings_Account,28400,0.0223,,Floating
Savings_Account_498,Deposit,Savings_Account,31070,0.0215,,Floating
Savings_Account_499,Deposit,Savings_Account,42822,0.0298,,Floating
Savings_Account_500,Deposit,Savings_Account,14587,0.0277,,Floating
Chequing_Account_501,Deposit,Chequing_Account,2923,0.0052,,Floating
Chequing_Account_502,Deposit,Chequing_Account,17810,0.0,,Floating
Chequing_Account_503,Deposit,Chequing_Account,5025,0.0051,,Floating
Chequing_Account_504,Deposit,Chequing_Account,15285,0.0057,,Floating
Chequing_Account_505,Deposit,Chequing_Account,4151,0.0016,,Floating
Chequing_Account_506,Deposit,Chequing_Account,19227,0.006,,Floating
Chequing_Account_507,Deposit,Chequing_Account,8896,0.0012,,Floating
Chequing_Account_508,Deposit,Chequing_Account,13087,0.0017,,Floating
Chequing_Account_509,Deposit,Chequing_Account,8447,0.0,,Floating
Chequing_Account_510,Deposit,Chequing_Account,4524,0.0025,,Floating
Chequing_Account_511,Deposit,Chequing_Account,13583,0.0031,,Floating
Chequing_Account_512,Deposit,Chequing_Account,9810,0.0,,Floating
Chequing_Account_513,Deposit,Chequing_Account,3817,0.0013,,Floating
Chequing_Account_514,Deposit,Chequing_Account,14717,0.0,,Floating
Chequing_Account_515,Deposit,Chequing_Account,15625,0.0,,Floating
Chequing_Account_516,Deposit,Chequing_Account,2538,0.0021,,Floating
Chequing_Account_517,Deposit,Chequing_Account,11323,0.0047,,Floating
Chequing_Account_518,Deposit,Chequing_Account,19439,0.0,,Floating
Chequing_Account_519,Deposit,Chequing_Account,5255,0.0,,Floating
Chequing_Account_520,Deposit,Chequing_Account,2222,0.0,,Floating
Chequing_Account_521,Deposit,Chequing_Account,5450,0.0,,Floating
Chequing_Account_522,Deposit,Chequing_Account,5725,0.0,,Floating
Chequing_Account_523,Deposit,Chequing_Account,13503,0.0,,Floating
Chequing_Account_524,Deposit,Chequing_Account,5811,0.0,,Floating
Chequing_Account_525,Deposit,Chequing_Account,4034,0.0,,Floating
Chequing_Account_526,Deposit,Chequing_Account,14121,0.0,,Floating
Chequing_Account_527,Deposit,Chequing_Account,2318,0.0029,,Floating
Chequing_Account_528,Deposit,Chequing_Account,15907,0.0,,Floating
Chequing_Account_529,Deposit,Chequing_Account,4598,0.0,,Floating
Chequing_Account_530,Deposit,Chequing_Account,17912,0.0002,,Floating
Chequing_Account_531,Deposit,Chequing_Account,2275,0.0002,,Floating
Chequing_Account_532,Deposit,Chequing_Account,19404,0.0046,,Floating
Chequing_Account_533,Deposit,Chequing_Account,8758,0.0016,,Floating
Chequing_Account_534,Deposit,Chequing_Account,1315,0.0043,,Floating
Chequing_Account_535,Deposit,Chequing_Account,4776,0.006,,Floating
Chequing_Account_536,Deposit,Chequing_Account,13855,0.0,,Floating
Chequing_Account_537,Deposit,Chequing_Account,3324,0.0007,,Floating
Chequing_Account_538,Deposit,Chequing_Account,8108,0.0046,,Floating
Chequing_Account_539,Deposit,Chequing_Account,19575,0.0009,,Floating
Chequing_Account_540,Deposit,Chequing_Account,16296,0.0,,Floating
Chequing_Account_541,Deposit,Chequing_Account,12280,0.0,,Floating
Chequing_Account_542,Deposit,Chequing_Account,9478,0.0,,Floating
Chequing_Account_543,Deposit,Chequing_Account,7564,0.0027,,Floating
Chequing_Account_544,Deposit,Chequing_Account,9946,0.0059,,Floating
Chequing_Account_545,Deposit,Chequing_Account,12171,0.0047,,Floating
Chequing_Account_546,Deposit,Chequing_Account,6427,0.0,,Floating
Chequing_Account_547,Deposit,Chequing_Account,15243,0.0,,Floating
Chequing_Account_548,Deposit,Chequing_Account,10766,0.0,,Floating
Chequing_Account_549,Deposit,Chequing_Account,16531,0.0041,,Floating
Chequing_Account_550,Deposit,Chequing_Account,3160,0.0009,,Floating
Chequing_Account_551,Deposit,Chequing_Account,12613,0.0,,Floating
Chequing_Account_552,Deposit,Chequing_Account,18195,0.0,,Floating
Chequing_Account_553,Deposit,Chequing_Account,4166,0.0003,,Floating
Chequing_Account_554,Deposit,Chequing_Account,10340,0.0,,Floating
Chequing_Account_555,Deposit,Chequing_Account,16271,0.0,,Floating
Chequing_Account_556,Deposit,Chequing_Account,7784,0.0049,,Floating
Chequing_Account_557,Deposit,Chequing_Account,11639,0.0007,,Floating
Chequing_Account_558,Deposit,Chequing_Account,15141,0.0026,,Floating
Chequing_Account_559,Deposit,Chequing_Account,15508,0.0011,,Floating
Chequing_Account_560,Deposit,Chequing_Account,1888,0.0027,,Floating
Chequing_Account_561,Deposit,Chequing_Account,18025,0.0037,,Floating
Chequing_Account_562,Deposit,Chequing_Account,6866,0.0039,,Floating
Chequing_Account_563,Deposit,Chequing_Account,5118,0.0,,Floating
Chequing_Account_564,Deposit,Chequing_Account,16851,0.0036,,Floating
Chequing_Account_565,Deposit,Chequing_Account,7342,0.0011,,Floating
Chequing_Account_566,Deposit,Chequing_Account,19431,0.0003,,Floating
Chequing_Account_567,Deposit,Chequing_Account,11399,0.0005,,Floating
Chequing_Account_568,Deposit,Chequing_Account,5718,0.0047,,Floating
Chequing_Account_569,Deposit,Chequing_Account,12105,0.0,,Floating
Chequing_Account_570,Deposit,Chequing_Account,18789,0.0012,,Floating
Chequing_Account_571,Deposit,Chequing_Account,15486,0.0006,,Floating
Chequing_Account_572,Deposit,Chequing_Account,12581,0.0,,Floating
Chequing_Account_573,Deposit,Chequing_Account,14955,0.0,,Floating
Chequing_Account_574,Deposit,Chequing_Account,8544,0.0044,,Floating
Chequing_Account_575,Deposit,Chequing_Account,19606,0.0,,Floating
Chequing_Account_576,Deposit,Chequing_Account,10471,0.0,,Floating
Chequing_Account_577,Deposit,Chequing_Account,19260,0.0054,,Floating
Chequing_Account_578,Deposit,Chequing_Account,6672,0.0054,,Floating
Chequing_Account_579,Deposit,Chequing_Account,3920,0.0,,Floating
Chequing_Account_580,Deposit,Chequing_Account,18199,0.0001,,Floating
Chequing_Account_581,Deposit,Chequing_Account,7648,0.0,,Floating
Chequing_Account_582,Deposit,Chequing_Account,3995,0.0026,,Floating
Chequing_Account_583,Deposit,Chequing_Account,18674,0.0011,,Floating
Chequing_Account_584,Deposit,Chequing_Account,13111,0.003,,Floating
Chequing_Account_585,Deposit,Chequing_Account,10449,0.0033,,Floating
Chequing_Account_586,Deposit,Chequing_Account,5603,0.0,,Floating
Chequing_Account_587,Deposit,Chequing_Account,2864,0.0,,Floating
Chequing_Account_588,Deposit,Chequing_Account,11086,0.0018,,Floating
Chequing_Account_589,Deposit,Chequing_Account,18636,0.0013,,Floating
Chequing_Account_590,Deposit,Chequing_Account,3604,0.0055,,Floating
Chequing_Account_591,Deposit,Chequing_Account,1073,0.0002,,Floating
Chequing_Account_592,Deposit,Chequing_Account,18443,0.0012,,Floating
Chequing_Account_593,Deposit,Chequing_Account,16503,0.0,,Floating
Chequing_Account_594,Deposit,Chequing_Account,13913,0.0048,,Floating
Chequing_Account_595,Deposit,Chequing_Account,3895,0.0,,Floating
Chequing_Account_596,Deposit,Chequing_Account,19910,0.0013,,Floating
Chequing_Account_597,Deposit,Chequing_Account,11195,0.0011,,Floating
Chequing_Account_598,Deposit,Chequing_Account,18638,0.0,,Floating
Chequing_Account_599,Deposit,Chequing_Account,17273,0.0017,,Floating
Chequing_Account_600,Deposit,Chequing_Account,1532,0.0025,,Floating
Chequing_Account_601,Deposit,Chequing_Account,5275,0.0,,Floating
Chequing_Account_602,Deposit,Chequing_Account,11674,0.0045,,Floating
Chequing_Account_603,Deposit,Chequing_Account,19768,0.0,,Floating
Chequing_Account_604,Deposit,Chequing_Account,14427,0.002,,Floating
Chequing_Account_605,Deposit,Chequing_Account,19793,0.0,,Floating
Chequing_Account_606,Deposit,Chequing_Account,2286,0.0039,,Floating
Chequing_Account_607,Deposit,Chequing_Account,2022,0.0013,,Floating
Chequing_Account_608,Deposit,Chequing_Account,11226,0.0035,,Floating
Chequing_Account_609,Deposit,Chequing_Account,17374,0.0003,,Floating
Chequing_Account_610,Deposit,Chequing_Account,17384,0.0,,Floating
Chequing_Account_611,Deposit,Chequing_Account,2367,0.0051,,Floating
Chequing_Account_612,Deposit,Chequing_Account,6666,0.0,,Floating
Chequing_Account_613,Deposit,Chequing_Account,7854,0.0013,,Floating
Chequing_Account_614,Deposit,Chequing_Account,18913,0.0019,,Floating
Chequing_Account_615,Deposit,Chequing_Account,1805,0.0,,Floating
Chequing_Account_616,Deposit,Chequing_Account,18914,0.0039,,Floating
Chequing_Account_617,Deposit,Chequing_Account,16964,0.0025,,Floating
Chequing_Account_618,Deposit,Chequing_Account,12552,0.0,,Floating
Chequing_Account_619,Deposit,Chequing_Account,8325,0.0004,,Floating
Chequing_Account_620,Deposit,Chequing_Account,9643,0.0,,Floating
Chequing_Account_621,Deposit,Chequing_Account,1380,0.0,,Floating
Chequing_Account_622,Deposit,Chequing_Account,17171,0.0005,,Floating
Chequing_Account_623,Deposit,Chequing_Account,4348,0.0053,,Floating
Chequing_Account_624,Deposit,Chequing_Account,17665,0.0,,Floating
Chequing_Account_625,Deposit,Chequing_Account,17443,0.0049,,Floating
Chequing_Account_626,Deposit,Chequing_Account,9721,0.003,,Floating
Chequing_Account_627,Deposit,Chequing_Account,9118,0.0003,,Floating
Chequing_Account_628,Deposit,Chequing_Account,14719,0.0035,,Floating
Chequing_Account_629,Deposit,Chequing_Account,3709,0.0,,Floating
Chequing_Account_630,Deposit,Chequing_Account,7924,0.0,,Floating
Chequing_Account_631,Deposit,Chequing_Account,11998,0.0005,,Floating
Chequing_Account_632,Deposit,Chequing_Account,4175,0.0,,Floating
Chequing_Account_633,Deposit,Chequing_Account,8764,0.003,,Floating
Chequing_Account_634,Deposit,Chequing_Account,18596,0.0,,Floating
Chequing_Account_635,Deposit,Chequing_Account,18375,0.0038,,Floating
Chequing_Account_636,Deposit,Chequing_Account,4700,0.004,,Floating
Chequing_Account_637,Deposit,Chequing_Account,2639,0.0,,Floating
Chequing_Account_638,Deposit,Chequing_Account,3177,0.0014,,Floating
Chequing_Account_639,Deposit,Chequing_Account,17437,0.0,,Floating
Chequing_Account_640,Deposit,Chequing_Account,8179,0.0,,Floating
Chequing_Account_641,Deposit,Chequing_Account,17093,0.0044,,Floating
Chequing_Account_642,Deposit,Chequing_Account,10307,0.0028,,Floating
Chequing_Account_643,Deposit,Chequing_Account,4326,0.0009,,Floating
Chequing_Account_644,Deposit,Chequing_Account,4537,0.0,,Floating
Chequing_Account_645,Deposit,Chequing_Account,8237,0.0014,,Floating
Chequing_Account_646,Deposit,Chequing_Account,2354,0.0008,,Floating
Chequing_Account_647,Deposit,Chequing_Account,4494,0.0032,,Floating
Chequing_Account_648,Deposit,Chequing_Account,17808,0.0015,,Floating
Chequing_Account_649,Deposit,Chequing_Account,3322,0.0046,,Floating
Chequing_Account_650,Deposit,Chequing_Account,2514,0.0018,,Floating
Chequing_Account_651,Deposit,Chequing_Account,8848,0.0,,Floating
Chequing_Account_652,Deposit,Chequing_Account,2969,0.0047,,Floating
Chequing_Account_653,Deposit,Chequing_Account,14325,0.0045,,Floating
Chequing_Account_654,Deposit,Chequing_Account,8633,0.005,,Floating
Chequing_Account_655,Deposit,Chequing_Account,1051,0.0048,,Floating
Chequing_Account_656,Deposit,Chequing_Account,8428,0.0045,,Floating
Chequing_Account_657,Deposit,Chequing_Account,12220,0.0007,,Floating
Chequing_Account_658,Deposit,Chequing_Account,8203,0.0049,,Floating
Chequing_Account_659,Deposit,Chequing_Account,17013,0.0042,,Floating
Chequing_Account_660,Deposit,Chequing_Account,14236,0.0056,,Floating
Chequing_Account_661,Deposit,Chequing_Account,3709,0.0041,,Floating
Chequing_Account_662,Deposit,Chequing_Account,8074,0.0003,,Floating
Chequing_Account_663,Deposit,Chequing_Account,10459,0.004,,Floating
Chequing_Account_664,Deposit,Chequing_Account,3291,0.0045,,Floating
Chequing_Account_665,Deposit,Chequing_Account,19779,0.0,,Floating
Chequing_Account_666,Deposit,Chequing_Account,14979,0.0001,,Floating
Chequing_Account_667,Deposit,Chequing_Account,10892,0.0023,,Floating
Chequing_Account_668,Deposit,Chequing_Account,5692,0.0,,Floating
Chequing_Account_669,Deposit,Chequing_Account,1264,0.0055,,Floating
Chequing_Account_670,Deposit,Chequing_Account,3035,0.0,,Floating
Chequing_Account_671,Deposit,Chequing_Account,16714,0.0016,,Floating
Chequing_Account_672,Deposit,Chequing_Account,9671,0.0017,,Floating
Chequing_Account_673,Deposit,Chequing_Account,6968,0.0,,Floating
Chequing_Account_674,Deposit,Chequing_Account,15716,0.0024,,Floating
Chequing_Account_675,Deposit,Chequing_Account,18304,0.0042,,Floating
Chequing_Account_676,Deposit,Chequing_Account,14480,0.0057,,Floating
Chequing_Account_677,Deposit,Chequing_Account,11540,0.0057,,Floating
Chequing_Account_678,Deposit,Chequing_Account,1149,0.0,,Floating
Chequing_Account_679,Deposit,Chequing_Account,2244,0.0,,Floating
Chequing_Account_680,Deposit,Chequing_Account,7212,0.0,,Floating
Chequing_Account_681,Deposit,Chequing_Account,13622,0.0,,Floating
Chequing_Account_682,Deposit,Chequing_Account,16660,0.0,,Floating
Chequing_Account_683,Deposit,Chequing_Account,8406,0.0031,,Floating
Chequing_Account_684,Deposit,Chequing_Account,4395,0.0038,,Floating
Chequing_Account_685,Deposit,Chequing_Account,13107,0.0007,,Floating
Chequing_Account_686,Deposit,Chequing_Account,18698,0.0058,,Floating
Chequing_Account_687,Deposit,Chequing_Account,11777,0.0,,Floating
Chequing_Account_688,Deposit,Chequing_Account,15818,0.0052,,Floating
Chequing_Account_689,Deposit,Chequing_Account,2369,0.0038,,Floating
Chequing_Account_690,Deposit,Chequing_Account,11873,0.0,,Floating
Chequing_Account_691,Deposit,Chequing_Account,12210,0.0011,,Floating
Chequing_Account_692,Deposit,Chequing_Account,13547,0.0,,Floating
Chequing_Account_693,Deposit,Chequing_Account,17678,0.0029,,Floating
Chequing_Account_694,Deposit,Chequing_Account,9187,0.0,,Floating
Chequing_Account_695,Deposit,Chequing_Account,19458,0.0041,,Floating
Chequing_Account_696,Deposit,Chequing_Account,15708,0.0,,Floating
Chequing_Account_697,Deposit,Chequing_Account,13007,0.0002,,Floating
Chequing_Account_698,Deposit,Chequing_Account,10837,0.0,,Floating
Chequing_Account_699,Deposit,Chequing_Account,8924,0.0057,,Floating
Chequing_Account_700,Deposit,Chequing_Account,19893,0.0,,Floating
Chequing_Account_701,Deposit,Chequing_Account,1281,0.0009,,Floating
Chequing_Account_702,Deposit,Chequing_Account,8982,0.0,,Floating
Chequing_Account_703,Deposit,Chequing_Account,12192,0.0017,,Floating
Chequing_Account_704,Deposit,Chequing_Account,17078,0.0,,Floating
Chequing_Account_705,Deposit,Chequing_Account,7076,0.0028,,Floating
Chequing_Account_706,Deposit,Chequing_Account,2166,0.0,,Floating
Chequing_Account_707,Deposit,Chequing_Account,1295,0.0,,Floating
Chequing_Account_708,Deposit,Chequing_Account,14250,0.0,,Floating
Chequing_Account_709,Deposit,Chequing_Account,4535,0.0,,Floating
Chequing_Account_710,Deposit,Chequing_Account,4149,0.0008,,Floating
Chequing_Account_711,Deposit,Chequing_Account,5619,0.0049,,Floating
Chequing_Account_712,Deposit,Chequing_Account,8665,0.0,,Floating
Chequing_Account_713,Deposit,Chequing_Account,6370,0.0,,Floating
Chequing_Account_714,Deposit,Chequing_Account,13172,0.0,,Floating
Chequing_Account_715,Deposit,Chequing_Account,6383,0.0055,,Floating
Chequing_Account_716,Deposit,Chequing_Account,6970,0.0023,,Floating
Chequing_Account_717,Deposit,Chequing_Account,9404,0.0,,Floating
Chequing_Account_718,Deposit,Chequing_Account,1631,0.0005,,Floating
Chequing_Account_719,Deposit,Chequing_Account,12980,0.0,,Floating
Chequing_Account_720,Deposit,Chequing_Account,14613,0.0053,,Floating
Chequing_Account_721,Deposit,Chequing_Account,5055,0.0,,Floating
Chequing_Account_722,Deposit,Chequing_Account,8558,0.0035,,Floating
Chequing_Account_723,Deposit,Chequing_Account,12009,0.0015,,Floating
Chequing_Account_724,Deposit,Chequing_Account,1890,0.0031,,Floating
Chequing_Account_725,Deposit,Chequing_Account,6165,0.0,,Floating
Chequing_Account_726,Deposit,Chequing_Account,5303,0.0054,,Floating
Chequing_Account_727,Deposit,Chequing_Account,9182,0.0,,Floating
Chequing_Account_728,Deposit,Chequing_Account,6530,0.0,,Floating
Chequing_Account_729,Deposit,Chequing_Account,19208,0.0058,,Floating
Chequing_Account_730,Deposit,Chequing_Account,14575,0.0,,Floating
Chequing_Account_731,Deposit,Chequing_Account,16569,0.0019,,Floating
Chequing_Account_732,Deposit,Chequing_Account,10731,0.0,,Floating
Chequing_Account_733,Deposit,Chequing_Account,17784,0.0023,,Floating
Chequing_Account_734,Deposit,Chequing_Account,14177,0.0023,,Floating
Chequing_Account_735,Deposit,Chequing_Account,9200,0.0029,,Floating
Chequing_Account_736,Deposit,Chequing_Account,13214,0.001,,Floating
Chequing_Account_737,Deposit,Chequing_Account,1261,0.0029,,Floating
Chequing_Account_738,Deposit,Chequing_Account,14406,0.0034,,Floating
Chequing_Account_739,Deposit,Chequing_Account,7676,0.0036,,Floating
Chequing_Account_740,Deposit,Chequing_Account,6654,0.0,,Floating
Chequing_Account_741,Deposit,Chequing_Account,15105,0.0,,Floating
Chequing_Account_742,Deposit,Chequing_Account,18453,0.0031,,Floating
Chequing_Account_743,Deposit,Chequing_Account,2076,0.0038,,Floating
Chequing_Account_744,Deposit,Chequing_Account,8375,0.0025,,Floating
Chequing_Account_745,Deposit,Chequing_Account,19880,0.0,,Floating
Chequing_Account_746,Deposit,Chequing_Account,8605,0.0011,,Floating
Chequing_Account_747,Deposit,Chequing_Account,6456,0.0037,,Floating
Chequing_Account_748,Deposit,Chequing_Account,7963,0.0002,,Floating
Chequing_Account_749,Deposit,Chequing_Account,3614,0.0023,,Floating
Chequing_Account_750,Deposit,Chequing_Account,16701,0.0042,,Floating
Chequing_Account_751,Deposit,Chequing_Account,14819,0.0,,Floating
Chequing_Account_752,Deposit,Chequing_Account,14140,0.0003,,Floating
Chequing_Account_753,Deposit,Chequing_Account,7719,0.0,,Floating
Chequing_Account_754,Deposit,Chequing_Account,11559,0.0044,,Floating
Chequing_Account_755,Deposit,Chequing_Account,11565,0.0009,,Floating
Chequing_Account_756,Deposit,Chequing_Account,12247,0.0009,,Floating
Chequing_Account_757,Deposit,Chequing_Account,14730,0.0051,,Floating
Chequing_Account_758,Deposit,Chequing_Account,17856,0.004,,Floating
Chequing_Account_759,Deposit,Chequing_Account,19200,0.0,,Floating
Chequing_Account_760,Deposit,Chequing_Account,1809,0.0,,Floating
Chequing_Account_761,Deposit,Chequing_Account,11646,0.0046,,Floating
Chequing_Account_762,Deposit,Chequing_Account,18257,0.0,,Floating
Chequing_Account_763,Deposit,Chequing_Account,6979,0.0044,,Floating
Chequing_Account_764,Deposit,Chequing_Account,4702,0.0,,Floating
Chequing_Account_765,Deposit,Chequing_Account,8430,0.0045,,Floating
Chequing_Account_766,Deposit,Chequing_Account,2517,0.0012,,Floating
Chequing_Account_767,Deposit,Chequing_Account,17031,0.0,,Floating
Chequing_Account_768,Deposit,Chequing_Account,6566,0.0012,,Floating
Chequing_Account_769,Deposit,Chequing_Account,4114,0.0031,,Floating
Chequing_Account_770,Deposit,Chequing_Account,7234,0.0,,Floating
Chequing_Account_771,Deposit,Chequing_Account,10065,0.0059,,Floating
Chequing_Account_772,Deposit,Chequing_Account,10575,0.002,,Floating
Chequing_Account_773,Deposit,Chequing_Account,18332,0.0,,Floating
Chequing_Account_774,Deposit,Chequing_Account,3059,0.0037,,Floating
Chequing_Account_775,Deposit,Chequing_Account,5059,0.0,,Floating
Chequing_Account_776,Deposit,Chequing_Account,17573,0.0,,Floating
Chequing_Account_777,Deposit,Chequing_Account,3898,0.0056,,Floating
Chequing_Account_778,Deposit,Chequing_Account,19554,0.0,,Floating
Chequing_Account_779,Deposit,Chequing_Account,17464,0.0,,Floating
Chequing_Account_780,Deposit,Chequing_Account,11097,0.0001,,Floating
Chequing_Account_781,Deposit,Chequing_Account,12595,0.0,,Floating
Chequing_Account_782,Deposit,Chequing_Account,8644,0.0027,,Floating
Chequing_Account_783,Deposit,Chequing_Account,6093,0.0,,Floating
Chequing_Account_784,Deposit,Chequing_Account,7334,0.0024,,Floating
Chequing_Account_785,Deposit,Chequing_Account,5132,0.0002,,Floating
Chequing_Account_786,Deposit,Chequing_Account,17969,0.0045,,Floating
Chequing_Account_787,Deposit,Chequing_Account,2952,0.0,,Floating
Chequing_Account_788,Deposit,Chequing_Account,15254,0.0,,Floating
Chequing_Account_789,Deposit,Chequing_Account,11661,0.0,,Floating
Chequing_Account_790,Deposit,Chequing_Account,8642,0.0,,Floating
Chequing_Account_791,Deposit,Chequing_Account,16369,0.0005,,Floating
Chequing_Account_792,Deposit,Chequing_Account,10538,0.0014,,Floating
Chequing_Account_793,Deposit,Chequing_Account,15947,0.0,,Floating
Chequing_Account_794,Deposit,Chequing_Account,1198,0.0016,,Floating
Chequing_Account_795,Deposit,Chequing_Account,19047,0.0,,Floating
Chequing_Account_796,Deposit,Chequing_Account,13965,0.0057,,Floating
Chequing_Account_797,Deposit,Chequing_Account,12003,0.0,,Floating
Chequing_Account_798,Deposit,Chequing_Account,7861,0.0037,,Floating
Chequing_Account_799,Deposit,Chequing_Account,7585,0.0046,,Floating
Chequing_Account_800,Deposit,Chequing_Account,3380,0.0023,,Floating
GIC_801,Deposit,GIC,294077,0.0452,3.0,Fixed
GIC_802,Deposit,GIC,150446,0.0498,4.0,Fixed
GIC_803,Deposit,GIC,229379,0.0422,4.0,Fixed
GIC_804,Deposit,GIC,38575,0.0401,4.0,Fixed
GIC_805,Deposit,GIC,66465,0.0464,2.0,Fixed
GIC_806,Deposit,GIC,256828,0.0427,1.0,Fixed
GIC_807,Deposit,GIC,22870,0.0427,2.0,Fixed
GIC_808,Deposit,GIC,8413,0.0454,2.0,Fixed
GIC_809,Deposit,GIC,126990,0.0429,3.0,Fixed
GIC_810,Deposit,GIC,117846,0.0494,4.0,Fixed
GIC_811,Deposit,GIC,253531,0.0494,2.0,Fixed
GIC_812,Deposit,GIC,105010,0.0436,1.0,Fixed
GIC_813,Deposit,GIC,298618,0.044,3.0,Fixed
GIC_814,Deposit,GIC,263948,0.0497,4.0,Fixed
GIC_815,Deposit,GIC,298534,0.0461,4.0,Fixed
GIC_816,Deposit,GIC,222243,0.0427,2.0,Fixed
GIC_817,Deposit,GIC,274906,0.0464,3.0,Fixed
GIC_818,Deposit,GIC,10605,0.0497,4.0,Fixed
GIC_819,Deposit,GIC,104352,0.0463,1.0,Fixed
GIC_820,Deposit,GIC,138355,0.0443,2.0,Fixed
GIC_821,Deposit,GIC,202807,0.0449,4.0,Fixed
GIC_822,Deposit,GIC,262264,0.0481,4.0,Fixed
GIC_823,Deposit,GIC,70684,0.0469,2.0,Fixed
GIC_824,Deposit,GIC,157946,0.0418,1.0,Fixed
GIC_825,Deposit,GIC,72484,0.0423,4.0,Fixed
GIC_826,Deposit,GIC,48620,0.0466,1.0,Fixed
GIC_827,Deposit,GIC,208360,0.0485,3.0,Fixed
GIC_828,Deposit,GIC,261858,0.0485,3.0,Fixed
GIC_829,Deposit,GIC,85110,0.041,2.0,Fixed
GIC_830,Deposit,GIC,131719,0.0419,3.0,Fixed
GIC_831,Deposit,GIC,102196,0.0432,1.0,Fixed
GIC_832,Deposit,GIC,77967,0.0435,3.0,Fixed
GIC_833,Deposit,GIC,54844,0.047,3.0,Fixed
GIC_834,Deposit,GIC,280109,0.0433,4.0,Fixed
GIC_835,Deposit,GIC,79102,0.0414,1.0,Fixed
GIC_836,Deposit,GIC,157494,0.0491,4.0,Fixed
GIC_837,Deposit,GIC,95724,0.0481,3.0,Fixed
GIC_838,Deposit,GIC,54894,0.042,4.0,Fixed
GIC_839,Deposit,GIC,121840,0.0433,3.0,Fixed
GIC_840,Deposit,GIC,118266,0.0418,2.0,Fixed
GIC_841,Deposit,GIC,70029,0.0421,3.0,Fixed
GIC_842,Deposit,GIC,131528,0.0456,1.0,Fixed
GIC_843,Deposit,GIC,125407,0.0428,3.0,Fixed
GIC_844,Deposit,GIC,116949,0.0497,2.0,Fixed
GIC_845,Deposit,GIC,271528,0.0458,4.0,Fixed
GIC_846,Deposit,GIC,168689,0.0408,3.0,Fixed
GIC_847,Deposit,GIC,31520,0.0462,4.0,Fixed
GIC_848,Deposit,GIC,165233,0.0477,4.0,Fixed
GIC_849,Deposit,GIC,115864,0.0467,3.0,Fixed
GIC_850,Deposit,GIC,276817,0.0408,2.0,Fixed
GIC_851,Deposit,GIC,113518,0.0409,2.0,Fixed
GIC_852,Deposit,GIC,79242,0.0419,2.0,Fixed
GIC_853,Deposit,GIC,170028,0.0496,3.0,Fixed
GIC_854,Deposit,GIC,103827,0.0474,4.0,Fixed
GIC_855,Deposit,GIC,268732,0.0431,4.0,Fixed
GIC_856,Deposit,GIC,134428,0.0459,2.0,Fixed
GIC_857,Deposit,GIC,103030,0.0497,2.0,Fixed
GIC_858,Deposit,GIC,68991,0.0469,4.0,Fixed
GIC_859,Deposit,GIC,269109,0.0466,3.0,Fixed
GIC_860,Deposit,GIC,271345,0.0418,4.0,Fixed
GIC_861,Deposit,GIC,275538,0.0403,4.0,Fixed
GIC_862,Deposit,GIC,25841,0.0498,3.0,Fixed
GIC_863,Deposit,GIC,111211,0.0442,3.0,Fixed
GIC_864,Deposit,GIC,74030,0.0465,4.0,Fixed
GIC_865,Deposit,GIC,225939,0.0484,4.0,Fixed
GIC_866,Deposit,GIC,5027,0.0464,4.0,Fixed
GIC_867,Deposit,GIC,118544,0.0438,2.0,Fixed
GIC_868,Deposit,GIC,121723,0.049,2.0,Fixed
GIC_869,Deposit,GIC,88579,0.0468,1.0,Fixed
GIC_870,Deposit,GIC,259087,0.0417,3.0,Fixed
GIC_871,Deposit,GIC,140935,0.0479,2.0,Fixed
GIC_872,Deposit,GIC,47558,0.0412,3.0,Fixed
GIC_873,Deposit,GIC,195410,0.0429,1.0,Fixed
GIC_874,Deposit,GIC,80903,0.0465,1.0,Fixed
GIC_875,Deposit,GIC,195084,0.0465,2.0,Fixed
GIC_876,Deposit,GIC,222123,0.043,3.0,Fixed
GIC_877,Deposit,GIC,24787,0.0454,1.0,Fixed
GIC_878,Deposit,GIC,247178,0.0464,1.0,Fixed
GIC_879,Deposit,GIC,203454,0.0432,4.0,Fixed
GIC_880,Deposit,GIC,271103,0.05,1.0,Fixed
GIC_881,Deposit,GIC,234633,0.0493,4.0,Fixed
GIC_882,Deposit,GIC,87857,0.0445,4.0,Fixed
GIC_883,Deposit,GIC,54889,0.0423,3.0,Fixed
GIC_884,Deposit,GIC,269751,0.0462,1.0,Fixed
GIC_885,Deposit,GIC,279402,0.0458,1.0,Fixed
GIC_886,Deposit,GIC,246574,0.0401,3.0,Fixed
GIC_887,Deposit,GIC,129347,0.0453,2.0,Fixed
GIC_888,Deposit,GIC,102074,0.0471,4.0,Fixed
GIC_889,Deposit,GIC,126819,0.0497,1.0,Fixed
GIC_890,Deposit,GIC,190281,0.0436,1.0,Fixed
GIC_891,Deposit,GIC,21809,0.0456,1.0,Fixed
GIC_892,Deposit,GIC,39879,0.0495,1.0,Fixed
GIC_893,Deposit,GIC,185280,0.0461,3.0,Fixed
GIC_894,Deposit,GIC,52580,0.0404,3.0,Fixed
GIC_895,Deposit,GIC,268354,0.0492,4.0,Fixed
GIC_896,Deposit,GIC,221942,0.0405,2.0,Fixed
GIC_897,Deposit,GIC,207021,0.0489,1.0,Fixed
GIC_898,Deposit,GIC,224432,0.0495,2.0,Fixed
GIC_899,Deposit,GIC,15631,0.0473,1.0,Fixed
GIC_900,Deposit,GIC,274943,0.0449,4.0,Fixed
GIC_901,Deposit,GIC,132259,0.0433,1.0,Fixed
GIC_902,Deposit,GIC,262700,0.048,1.0,Fixed
GIC_903,Deposit,GIC,38948,0.0478,1.0,Fixed
GIC_904,Deposit,GIC,192196,0.0452,4.0,Fixed
GIC_905,Deposit,GIC,195607,0.0499,2.0,Fixed
GIC_906,Deposit,GIC,77614,0.0493,4.0,Fixed
GIC_907,Deposit,GIC,68408,0.0429,3.0,Fixed
GIC_908,Deposit,GIC,123567,0.0451,2.0,Fixed
GIC_909,Deposit,GIC,100501,0.0429,2.0,Fixed
GIC_910,Deposit,GIC,202611,0.049,1.0,Fixed
GIC_911,Deposit,GIC,79062,0.0435,3.0,Fixed
GIC_912,Deposit,GIC,257167,0.0448,4.0,Fixed
GIC_913,Deposit,GIC,155408,0.0422,3.0,Fixed
GIC_914,Deposit,GIC,203670,0.046,1.0,Fixed
GIC_915,Deposit,GIC,11263,0.0438,2.0,Fixed
GIC_916,Deposit,GIC,214183,0.0493,2.0,Fixed
GIC_917,Deposit,GIC,116325,0.0428,2.0,Fixed
GIC_918,Deposit,GIC,101410,0.043,3.0,Fixed
GIC_919,Deposit,GIC,37024,0.0407,4.0,Fixed
GIC_920,Deposit,GIC,281614,0.0405,3.0,Fixed
GIC_921,Deposit,GIC,295855,0.044,3.0,Fixed
GIC_922,Deposit,GIC,125036,0.0411,1.0,Fixed
GIC_923,Deposit,GIC,60943,0.0411,3.0,Fixed
GIC_924,Deposit,GIC,130460,0.0404,4.0,Fixed
GIC_925,Deposit,GIC,194859,0.0465,2.0,Fixed
GIC_926,Deposit,GIC,222369,0.0472,4.0,Fixed
GIC_927,Deposit,GIC,206795,0.0411,4.0,Fixed
GIC_928,Deposit,GIC,295199,0.0442,3.0,Fixed
GIC_929,Deposit,GIC,166724,0.0448,2.0,Fixed
GIC_930,Deposit,GIC,110662,0.0495,2.0,Fixed
GIC_931,Deposit,GIC,273059,0.0475,2.0,Fixed
GIC_932,Deposit,GIC,236645,0.0492,1.0,Fixed
GIC_933,Deposit,GIC,83900,0.0487,2.0,Fixed
GIC_934,Deposit,GIC,245068,0.0481,1.0,Fixed
GIC_935,Deposit,GIC,257985,0.0408,4.0,Fixed
GIC_936,Deposit,GIC,179947,0.0498,3.0,Fixed
GIC_937,Deposit,GIC,198483,0.0433,4.0,Fixed
GIC_938,Deposit,GIC,212541,0.0436,1.0,Fixed
GIC_939,Deposit,GIC,185482,0.043,4.0,Fixed
GIC_940,Deposit,GIC,177174,0.0476,2.0,Fixed
GIC_941,Deposit,GIC,75226,0.0458,3.0,Fixed
GIC_942,Deposit,GIC,48147,0.0455,1.0,Fixed
GIC_943,Deposit,GIC,238346,0.0419,4.0,Fixed
GIC_944,Deposit,GIC,41605,0.0454,1.0,Fixed
GIC_945,Deposit,GIC,258213,0.0421,2.0,Fixed
GIC_946,Deposit,GIC,26313,0.0465,2.0,Fixed
GIC_947,Deposit,GIC,280797,0.0425,1.0,Fixed
GIC_948,Deposit,GIC,296622,0.0471,4.0,Fixed
GIC_949,Deposit,GIC,226008,0.0457,4.0,Fixed
GIC_950,Deposit,GIC,231546,0.0425,3.0,Fixed
GIC_951,Deposit,GIC,72400,0.0472,1.0,Fixed
GIC_952,Deposit,GIC,268832,0.0466,3.0,Fixed
GIC_953,Deposit,GIC,233016,0.0481,4.0,Fixed
GIC_954,Deposit,GIC,124786,0.0445,4.0,Fixed
GIC_955,Deposit,GIC,255470,0.0402,4.0,Fixed
GIC_956,Deposit,GIC,242185,0.0491,1.0,Fixed
GIC_957,Deposit,GIC,56711,0.0485,3.0,Fixed
GIC_958,Deposit,GIC,76834,0.045,3.0,Fixed
GIC_959,Deposit,GIC,143876,0.0415,4.0,Fixed
GIC_960,Deposit,GIC,95558,0.044,2.0,Fixed
GIC_961,Deposit,GIC,7824,0.042,1.0,Fixed
GIC_962,Deposit,GIC,32259,0.0416,4.0,Fixed
GIC_963,Deposit,GIC,146388,0.0462,1.0,Fixed
GIC_964,Deposit,GIC,184258,0.0447,2.0,Fixed
GIC_965,Deposit,GIC,19644,0.0477,2.0,Fixed
GIC_966,Deposit,GIC,148046,0.0447,1.0,Fixed
GIC_967,Deposit,GIC,269598,0.0411,4.0,Fixed
GIC_968,Deposit,GIC,261034,0.0427,2.0,Fixed
GIC_969,Deposit,GIC,187700,0.0481,3.0,Fixed
GIC_970,Deposit,GIC,216260,0.0479,4.0,Fixed
GIC_971,Deposit,GIC,197169,0.0469,1.0,Fixed
GIC_972,Deposit,GIC,294657,0.0492,2.0,Fixed
GIC_973,Deposit,GIC,235211,0.0419,2.0,Fixed
GIC_974,Deposit,GIC,261537,0.0456,3.0,Fixed
GIC_975,Deposit,GIC,290045,0.0464,1.0,Fixed
GIC_976,Deposit,GIC,240937,0.0462,3.0,Fixed
GIC_977,Deposit,GIC,146681,0.0446,3.0,Fixed
GIC_978,Deposit,GIC,284394,0.0444,2.0,Fixed
GIC_979,Deposit,GIC,8110,0.0457,2.0,Fixed
GIC_980,Deposit,GIC,283156,0.0456,4.0,Fixed
GIC_981,Deposit,GIC,25502,0.0436,2.0,Fixed
GIC_982,Deposit,GIC,142118,0.0433,4.0,Fixed
GIC_983,Deposit,GIC,113135,0.0463,2.0,Fixed
GIC_984,Deposit,GIC,92725,0.05,4.0,Fixed
GIC_985,Deposit,GIC,294514,0.0417,3.0,Fixed
GIC_986,Deposit,GIC,12230,0.0423,3.0,Fixed
GIC_987,Deposit,GIC,288301,0.0488,2.0,Fixed
GIC_988,Deposit,GIC,19474,0.0432,4.0,Fixed
GIC_989,Deposit,GIC,166453,0.0452,2.0,Fixed
GIC_990,Deposit,GIC,30211,0.0443,1.0,Fixed
GIC_991,Deposit,GIC,170735,0.0445,2.0,Fixed
GIC_992,Deposit,GIC,133422,0.0402,3.0,Fixed
GIC_993,Deposit,GIC,246017,0.0405,4.0,Fixed
GIC_994,Deposit,GIC,224624,0.0433,3.0,Fixed
GIC_995,Deposit,GIC,50440,0.0418,2.0,Fixed
GIC_996,Deposit,GIC,287592,0.0472,2.0,Fixed
GIC_997,Deposit,GIC,74928,0.043,2.0,Fixed
GIC_998,Deposit,GIC,297828,0.0442,1.0,Fixed
GIC_999,Deposit,GIC,224165,0.0442,4.0,Fixed
GIC_1000,Deposit,GIC,231206,0.0448,4.0,Fixed
HISA_1001,Deposit,HISA,47511,0.0484,,Floating
HISA_1002,Deposit,HISA,73283,0.0482,,Floating
HISA_1003,Deposit,HISA,28251,0.0457,,Floating
HISA_1004,Deposit,HISA,30925,0.0461,,Floating
HISA_1005,Deposit,HISA,66347,0.0464,,Floating
HISA_1006,Deposit,HISA,116368,0.0468,,Floating
HISA_1007,Deposit,HISA,154528,0.0465,,Floating
HISA_1008,Deposit,HISA,180202,0.0413,,Floating
HISA_1009,Deposit,HISA,10549,0.0411,,Floating
HISA_1010,Deposit,HISA,147383,0.0477,,Floating
HISA_1011,Deposit,HISA,63722,0.0451,,Floating
HISA_1012,Deposit,HISA,60633,0.0463,,Floating
HISA_1013,Deposit,HISA,114752,0.0494,,Floating
HISA_1014,Deposit,HISA,42272,0.0496,,Floating
HISA_1015,Deposit,HISA,57735,0.0428,,Floating
HISA_1016,Deposit,HISA,196325,0.0452,,Floating
HISA_1017,Deposit,HISA,185846,0.0425,,Floating
HISA_1018,Deposit,HISA,16918,0.0441,,Floating
HISA_1019,Deposit,HISA,90235,0.0445,,Floating
HISA_1020,Deposit,HISA,19459,0.0452,,Floating
HISA_1021,Deposit,HISA,140294,0.048,,Floating
HISA_1022,Deposit,HISA,182661,0.0418,,Floating
HISA_1023,Deposit,HISA,61366,0.0403,,Floating
HISA_1024,Deposit,HISA,98575,0.0438,,Floating
HISA_1025,Deposit,HISA,15412,0.0488,,Floating
HISA_1026,Deposit,HISA,96133,0.0425,,Floating
HISA_1027,Deposit,HISA,190723,0.0453,,Floating
HISA_1028,Deposit,HISA,16488,0.0489,,Floating
HISA_1029,Deposit,HISA,173671,0.0451,,Floating
HISA_1030,Deposit,HISA,176933,0.0416,,Floating
HISA_1031,Deposit,HISA,179247,0.048,,Floating
HISA_1032,Deposit,HISA,60759,0.042,,Floating
HISA_1033,Deposit,HISA,14091,0.0494,,Floating
HISA_1034,Deposit,HISA,54916,0.0421,,Floating
HISA_1035,Deposit,HISA,138680,0.0487,,Floating
HISA_1036,Deposit,HISA,28653,0.0496,,Floating
HISA_1037,Deposit,HISA,173363,0.045,,Floating
HISA_1038,Deposit,HISA,113583,0.0498,,Floating
HISA_1039,Deposit,HISA,15662,0.0432,,Floating
HISA_1040,Deposit,HISA,182150,0.0468,,Floating
HISA_1041,Deposit,HISA,34394,0.0432,,Floating
HISA_1042,Deposit,HISA,55478,0.0428,,Floating
HISA_1043,Deposit,HISA,10583,0.0464,,Floating
HISA_1044,Deposit,HISA,112193,0.0436,,Floating
HISA_1045,Deposit,HISA,148466,0.0423,,Floating
HISA_1046,Deposit,HISA,147943,0.0411,,Floating
HISA_1047,Deposit,HISA,56657,0.0403,,Floating
HISA_1048,Deposit,HISA,191141,0.0418,,Floating
HISA_1049,Deposit,HISA,185225,0.0443,,Floating
HISA_1050,Deposit,HISA,57607,0.0479,,Floating
HISA_1051,Deposit,HISA,150154,0.0407,,Floating
HISA_1052,Deposit,HISA,57699,0.0467,,Floating
HISA_1053,Deposit,HISA,59742,0.0425,,Floating
HISA_1054,Deposit,HISA,129786,0.0463,,Floating
HISA_1055,Deposit,HISA,30389,0.0485,,Floating
HISA_1056,Deposit,HISA,81277,0.041,,Floating
HISA_1057,Deposit,HISA,196158,0.0419,,Floating
HISA_1058,Deposit,HISA,13673,0.0459,,Floating
HISA_1059,Deposit,HISA,66733,0.0454,,Floating
HISA_1060,Deposit,HISA,50649,0.0488,,Floating
HISA_1061,Deposit,HISA,17729,0.0417,,Floating
HISA_1062,Deposit,HISA,64580,0.0457,,Floating
HISA_1063,Deposit,HISA,62539,0.041,,Floating
HISA_1064,Deposit,HISA,53456,0.0489,,Floating
HISA_1065,Deposit,HISA,68809,0.0468,,Floating
HISA_1066,Deposit,HISA,91370,0.0422,,Floating
HISA_1067,Deposit,HISA,136093,0.0472,,Floating
HISA_1068,Deposit,HISA,188612,0.0447,,Floating
HISA_1069,Deposit,HISA,96585,0.041,,Floating
HISA_1070,Deposit,HISA,168917,0.0414,,Floating
HISA_1071,Deposit,HISA,56425,0.0449,,Floating
HISA_1072,Deposit,HISA,119502,0.043,,Floating
HISA_1073,Deposit,HISA,187335,0.0466,,Floating
HISA_1074,Deposit,HISA,19850,0.0447,,Floating
HISA_1075,Deposit,HISA,100122,0.0497,,Floating
HISA_1076,Deposit,HISA,159151,0.0438,,Floating
HISA_1077,Deposit,HISA,49599,0.0453,,Floating
HISA_1078,Deposit,HISA,136504,0.0467,,Floating
HISA_1079,Deposit,HISA,84312,0.0419,,Floating
HISA_1080,Deposit,HISA,152742,0.0463,,Floating
HISA_1081,Deposit,HISA,75146,0.0413,,Floating
HISA_1082,Deposit,HISA,194732,0.0465,,Floating
HISA_1083,Deposit,HISA,150737,0.0495,,Floating
HISA_1084,Deposit,HISA,123291,0.0431,,Floating
HISA_1085,Deposit,HISA,194407,0.0458,,Floating
HISA_1086,Deposit,HISA,12240,0.0472,,Floating
HISA_1087,Deposit,HISA,78695,0.0497,,Floating
HISA_1088,Deposit,HISA,11400,0.0424,,Floating
HISA_1089,Deposit,HISA,81378,0.0402,,Floating
HISA_1090,Deposit,HISA,156035,0.0431,,Floating
HISA_1091,Deposit,HISA,185594,0.0454,,Floating
HISA_1092,Deposit,HISA,21876,0.0419,,Floating
HISA_1093,Deposit,HISA,143702,0.0499,,Floating
HISA_1094,Deposit,HISA,133226,0.0436,,Floating
HISA_1095,Deposit,HISA,27826,0.0499,,Floating
HISA_1096,Deposit,HISA,34727,0.0448,,Floating
HISA_1097,Deposit,HISA,154283,0.0499,,Floating
HISA_1098,Deposit,HISA,62851,0.0416,,Floating
HISA_1099,Deposit,HISA,187242,0.0475,,Floating
HISA_1100,Deposit,HISA,84998,0.0492,,Floating
